"Step 0? - would it be kept","text","sys_type","0.3. Type de système de production:","0.3. Type of production system:","0.3. Aina ya uzalishaji",,,,"true",,,,,,,,,,,,,,,,
,,,,,,,,,,,,,,,,,,,,,,,,,
"still a relevant note?","note","comm","*Si vous souhaitez évaluer un territoire ou une communauté, veuillez noter que l'étape 2 (critères de performance) devra être adaptée à partir des résultats des ménages/exploitations agricoles.*","*If you wish to assess a territory or a community, please note that Step 2 (criteria of performance) would have to be adapted to upscale household/farm results.*","*Kama unataka kufanya tathimini ya jamii na ukanda, tambua kuwa hatua ya 2 ( vigezo vya ufanisi) inahitajika ili kutumia taarifa za ngani ya kaya na shamba.*",,,,"false",,,,,,,,,,,,,,,,
,,,,,,,,,,,,,,,,,,,,,,,,,
"OR FIX UNIT TO SAME AS IN START OF STEP 1 - IF STEP 1 is Completed

Ask for Unit at start of step 2 to fix this rather than in every repeat??","select_one crop_area_unit","cp_aunit",,"Please select unit of measurement for land for ${cpname}",,,,,,"search('units', 'matches', 'language', ${language}) ",,,,,,,,,,,,,,,
,"calculate","cp_aunit_ha_conversion",,"PULL CONVERSION RATE TO HA",,,,,,,,,,,,,,,"pulldata('units', 'conversion_rate', 'id', ${cp_aunit})",,,,,,
,"calculate","cp_aunit_label_en",,"PULL UNIT NAME FROM CSV",,,,,,,,,,,,,,,"pulldata('units', 'name_en', 'id', ${cp_aunit})",,,,,,
,"calculate","cp_aunit_label",,"PULL UNIT NAME FROM CSV",,,,,,,,,,,,,,,"pulldata('units', 'name_fr', 'id', ${cp_aunit})",,,,,,
,"calculate","cp_aunit_label",,"PULL UNIT NAME FROM CSV",,,,,,,,,,,,,,,"pulldata('units', 'name_sw', 'id', ${cp_aunit})",,,,,,
,,,,,,,,,,,,,,,,,,,,,,,,,
,"decimal","feedexp","Dépenses totales pour l'ALIMENTATION ANIMALE:","Total expenditures for FEED:",,,"IF FARMER DOES NOT WISH TO ANSWER, PLEASE ENTER -99

Please answer in chosen currency : ${currency}",,"TRUE",,,,,". = -99 or .>=0",,"Answer must be 0 or higher, or equal to -99",,,,,,,,,
,"decimal","vetexp","Dépenses totales pour les SERVICES VETERINAIRES:","Total expenditures for VETERINARY SERVICES:",,,"IF FARMER DOES NOT WISH TO ANSWER, PLEASE ENTER -99

Please answer in chosen currency : ${currency}",,"TRUE",,,,,". = -99 or .>=0",,"Answer must be 0 or higher, or equal to -99",,,,,,,,,
,,,,,,,,,,,,,,,,,,,,,,,,,
"max values on expenditure??","decimal","taxes","Total des TAXES payées:","Total TAXES paid:",,,"IF FARMER DOES NOT WISH TO ANSWER, PLEASE ENTER -99

Please answer in chosen currency : ${currency}",,"TRUE",,,,,". = -99 or .>=0",,"Answer must be 0 or higher, or equal to -99",,,,,,,,,
"max values on expenditure??","decimal","subs","Total des SUBVENTIONS reçues:","Total SUBSIDIES received:",,,"IF FARMER DOES NOT WISH TO ANSWER, PLEASE ENTER -99

Please answer in chosen currency : ${currency}",,"TRUE",,,,,". = -99 or .>=0",,"Answer must be 0 or higher, or equal to -99",,,,,,,,,
"max values on expenditure??","decimal","inter","Total des INTÉRÊTS SUR LES PRÊTS payés:","Total INTEREST ON LOANS paid:",,,"IF FARMER DOES NOT WISH TO ANSWER, PLEASE ENTER -99

Please answer in chosen currency : ${currency}",,"TRUE",,,,,". = -99 or .>=0",,"Answer must be 0 or higher, or equal to -99",,,,,,,,,
,,,,,,,,,,,,,,,,,,,,,,,,,
,,,,,,,,,,,,,,,,,,,,,,,,,
,"select_one antib","antib","Utilisez-vous des antibiotiques sur votre bétail?","Do you use antibiotics on your livestock?",,,,,"TRUE",,,,,,,,,,,,,,,,
,,,,,,,,,,,,,,,,,,,,,,,,,
,"begin_group","ot",,,,,,,,,"field-list",,,,,,,,,,,,,,
,"select_one dec","owotact","Qui est le propriétaire des actifs pour les AUTRES ACTIVITÉS ECONOMIQUES au sein du ménage?","Who is the owner of the assets for other economic activities within the household?",,,,,"TRUE",,,,,,,,,,,,,,,,
,"select_one dec","decotact","Lorsque des décisions sont prises concernant les AUTRES ACTIVITÉS ECONOMIQUES au sein du ménage, qui prend ces décisions généralement?","When decisions are taken about other economic activities within the household, who normally takes these decisions?",,,,,"TRUE",,,,,,,,,,,,,,,,
,"end_group","ot",,,,,,,,,,,,,,,,,,,,,,,
,"begin_group","maj",,,,,,,,,"field-list",,,,,,,,,,,,,,
,"select_one dec","owmajor","Qui est le propriétaire des ACTIFS PRINCIPAUX DU MENAGE?","Who is the owner of the MAJOR HOUSEHOLD ASSETS?",,,,,"TRUE",,,,,,,,,,,,,,,,
,"select_one dec","decmajor","Lorsque des décisions sont prises concernant les PRINCIPAUX ACTIFS DU MENAGE, qui prend ces décisions généralement?","When decisions are taken about MAJOR HOUSEHOLD ASSETS, who normally takes these decisions?",,,,,"TRUE",,,,,,,,,,,,,,,,
,"end_group","maj",,,,,,,,,,,,,,,,,,,,,,,
,,,,,,,,,,,,,,,,,,,,,,,,,
,,,,,,,,,,,,,,,,,,,,,,,,,
,"begin_group","dec_perception",,,,,,,,,"field-list",,,,,,,,,,,,,,
,"note","perc_dec","####PERCEPTION SUR LA PRISE DES DECISIONS","####PERCEPTION ABOUT DECISION-MAKING",,,,,,,,,,,,,,,,,,,,,
,"select_one perc_dec","perc_dec_crop","Si vous le vouliez, pensez-vous pouvoir prendre des décisions concernant la PRODUCTION VEGETALE?","If you wanted, do you feel that you can take decisions about CROP PRODUCTION?",,,,,"TRUE",,,,,,,,,,,,,,,,
,"select_one perc_dec","perc_dec_anim","Si vous le vouliez, pensez-vous pouvoir prendre des décisions concernant la PRODUCTION ANIMALE?","If you wanted, do you feel that you can take decisions about ANIMAL HUSBANDRY?",,,,,"TRUE",,,,,,,,,,,,,,,,
,"select_one perc_dec","perc_dec_otact","Si vous le vouliez, pensez-vous pouvoir prendre des décisions concernant les AUTRES ACTIVITÉS ECONOMIQUES?","If you wanted, do you feel that you can take decisions about OTHER ECONOMIC ACTIVITIES?",,,,,"TRUE",,,,,,,,,,,,,,,,
,"select_one perc_dec","perc_dec_major","Si vous le vouliez, pensez-vous pouvoir prendre des décisions concernant les ACTIFS PRINCIPAUX DU MENAGE?","If you wanted, do you feel that you can take decisions about MAJOR HOUSEHOLD EXPENDITURES?",,,,,"TRUE",,,,,,,,,,,,,,,,
,"select_one perc_dec","perc_dec_minor","Si vous le vouliez, pensez-vous pouvoir prendre des décisions concernant les ACTIFS SECONDAIRES DU MENAGE?","If you wanted, do you feel that you can take decisions about MINOR HOUSEHOLD EXPENDITURES?",,,,,"TRUE",,,,,,,,,,,,,,,,
,"end_group","dec_perception",,,,,,,,,,,,,,,,,,,,,,,
,,,,,,,,,,,,,,,,,,,,,,,,,
,"begin_group","picture",,,,,,,,,,,,,,,,,,,,,,,
,"image","image_widget","Ajoutez une photo:","Add a picture:",,,,,,"${consent4} = 1",,,,,,,,,,,,,,,
,"text","image_descr","Ajoutez une description de l'image, si nécessaire:","Add a description for the picture, as necessary:",,,,,,"${consent4} = 1",,,,,,,,,,,,,,,
,"end_group","picture",,,,,,,,,,,,,,,,,,,,,,,
,,,,,,,,,,,,,,,,,,,,,,,,,
,"note","caet","##Étape 1 - Caractérisation de la transition agroécologique","##Step 1 - Characterisation of agroecological transitions","##Hatua 1 - Uchambuzi kuelekea Kilimo Ikolojia",,,,"false",,,,,,,,,,,,,,,,
,"note","div","This note can be read out loud",,,,,,"false",,,"divlogo.png","divlogo.png","divlogo.png",,,,,,,,,,,
,"note","diversity","##DIVERSITÉ","##DIVERSITY","##MTAWANYIKO",,,,"false",,,,,,,,,,,,,,,,
,"select_one crops","crops","Cultures","Crops","Mazao",,,,"true",,"quick search('scales', 'matches', 'language', ${language}, 'xlsform_name',  'crops')",,,,,,,,,,,,,,
,"select_one animals","animals","Animaux (y compris les poissons et les insectes)","Animals (including fish and insects)","Wanyama (Kujumisha Samaki na Wadudu)",,,,"true",,"quick search('scales', 'matches', 'language', ${language}, 'xlsform_name',  'animals')",,,,,,,,,,,,,,
,"select_one trees","trees","Arbres (et autres cultures pérennes)","Trees (and other perennials)","Miti (na Mazao mengine ya muda mrefu)",,,,"true",,"quick search('scales', 'matches', 'language', ${language}, 'xlsform_name',  'trees')",,,,,,,,,,,,,,
,"select_one div_activ","div_activ","Diversité des activités économiques, produits et services","Diversity of economic activities, products and services","Mtawanyiko wa shughuli za kiuchumi, bidhaa na huduma",,,,"true",,"quick search('scales', 'matches', 'language', ${language}, 'xlsform_name',  'div_activ')",,,,,,,,,,,,,,
,"calculate","sum_diversity",,"Sum diversity","Mtawanyiko kwa ujumla",,,,"false",,,,,,,,,,,"number(${crops}) + number(${animals}) + number(${trees}) + number(${div_activ})",,,,,
,"calculate","stand_diversity",,"Standardized diversity","Mtawanyiko uliosawazishwa",,,,"false",,,,,,,,,,,"round((( ${sum_diversity} div 16 ) * 100), 2)",,,,,
,"note","score_diversity1","_Votre résultat en **Diversité** est: **<span style=”color:#006400”>${stand_diversity}</span>**_","_Your **Diversity** score is: **<span style=”color:#006400”>${stand_diversity}</span>**_","_Your **Diversity** score is: **<span style=”color:#006400”>${stand_diversity}</span>**_",,,,"false","${stand_diversity}>=81",,,,,,,,,,,,,,,
,"note","score_diversity2","_Votre résultat en **Diversité** est: **<span style=”color:#008000”>${stand_diversity}</span>**_","_Your **Diversity** score is: **<span style=”color:#008000”>${stand_diversity}</span>**_","_Your **Diversity** score is: **<span style=”color:#008000”>${stand_diversity}</span>**_",,,,"false","${stand_diversity}<81 and ${stand_diversity}>=61",,,,,,,,,,,,,,,
,"note","score_diversity3","_Votre résultat en **Diversité** est: **<span style=”color:#FFD700”>${stand_diversity}</span>**_","_Your **Diversity** score is: **<span style=”color:#FFD700”>${stand_diversity}</span>**_","_Your **Diversity** score is: **<span style=”color:#FFD700”>${stand_diversity}</span>**_",,,,"false","${stand_diversity}<61 and ${stand_diversity}>=41",,,,,,,,,,,,,,,
,"note","score_diversity4","_Votre résultat en **Diversité** est: **<span style=”color:#CD5C5C”>${stand_diversity}</span>**_","_Your **Diversity** score is: **<span style=”color:#CD5C5C”>${stand_diversity}</span>**_","_Your **Diversity** score is: **<span style=”color:#CD5C5C”>${stand_diversity}</span>**_",,,,"false","${stand_diversity}<41 and ${stand_diversity}>=21",,,,,,,,,,,,,,,
,"note","score_diversity5","_Votre résultat en **Diversité** est: **<span style=”color:#8B0000”>${stand_diversity}</span>**_","_Your **Diversity** score is: **<span style=”color:#8B0000”>${stand_diversity}</span>**_","_Your **Diversity** score is: **<span style=”color:#8B0000”>${stand_diversity}</span>**_",,,,"false","${stand_diversity}<21",,,,,,,,,,,,,,,
,"note","syn","This note can be read out loud",,,,,,"false",,,"synlogo.png","synlogo.png","synlogo.png",,,,,,,,,,,
,"note","synergies","##SYNERGIES","##SYNERGIES","##MUINGILIANO",,,,"false",,,,,,,,,,,,,,,,
,"select_one cla_int","cla_int","Intégration cultures-élevage-aquaculture,","Crop-livestock-aquaculture integration","Muingiliano wa Mazao-Mifugo-Ufugaji wa Samaki",,,"Muuliza maswali anahitajia kuhusisha rasilimali zinazotumika kwa pamoja katika jamii. Mfano kwa wafugaji, maeneo ya malisho ya jamii hayachukuliwi kama rasilimali ya nje. Ni chakula kinachonunuliwa sokoni tu ndio huchuliwa kama rasilimali kutoka nje.","true",,"quick search('scales', 'matches', 'language', ${language}, 'xlsform_name',  'cla_int')",,,,,,,,,,,,,,
,"select_one s_plant","s_plant","Gestion du système sol-plantes","Soil-plants system management","Usimamizi wa Udongo na Mimea",,,,"true",,"quick search('scales', 'matches', 'language', ${language}, 'xlsform_name',  's_plant')",,,,,,,,,,,,,,
,"select_one tree_int","tree_int","Integration avec les arbres (Agroforesterie, silvopastoralisme, agrosilvopastoralisme)","Integration with trees (agroforestry, silvopastoralism, agrosilvopastoralism)","Muingiliano wa Miti (Kilimo msitu, miti mifugo na malisho)","Considérez aussi les zones forestières communales.","Consider also communal forest areas.","Jumuisha pia maeneo ya misitu ya jamii.","true",,"quick search('scales', 'matches', 'language', ${language}, 'xlsform_name',  'tree_int')",,,,,,,,,,,,,,
,"select_one connectivity","connectivity","Connectivité entre les éléments de l'agroécosystème et le paysage","Connectivity between elements of the agroecosystem and the landscape","Muunganiko kati ya sifa za mfumo ikolojia na eneo la uwanda.","Considérez le système productif, ainsi que les zones environnantes, les environnements semi-naturels et les zones potentielles de compensation écologique.","Consider the productive systems as well as the surrounding areas, the semi-natural environments and the potential zones of ecological compensation.","Angalia mifumo ya uzalishaji lakini pia maeneo yanayoizunguka, maeneo yenye uasilia kiasi na maeneo yenye fursa za kiikolojia.","true",,"quick search('scales', 'matches', 'language', ${language}, 'xlsform_name',  'connectivity')",,,,,,,,,,,,,,
,"calculate","sum_syn",,"Sum synergies","Jumla ya Muingiliano",,,,"false",,,,,,,,,,,"number(${cla_int}) + number(${s_plant}) + number(${tree_int}) + number(${connectivity})",,,,,
,"calculate","stand_syn",,"Standardized synergies","Muingiliano uliosawazishwa",,,,"false",,,,,,,,,,,"round((( ${sum_syn} div 16 ) * 100), 2)",,,,,
,"note","score_syn1","_Votre résultat en **Synergies** est: **<span style=”color:#006400”>${stand_syn}</span>**_","_Your **Synergies** score is: **<span style=”color:#006400”>${stand_syn}</span>**_","_Your **Synergies** score is: **<span style=”color:#006400”>${stand_syn}</span>**_",,,,"false","${stand_syn}>=81",,,,,,,,,,,,,,,
,"note","score_syn2","_Votre résultat en **Synergies** est: **<span style=”color:#008000”>${stand_syn}</span>**_","_Your **Synergies** score is: **<span style=”color:#008000”>${stand_syn}</span>**_","_Your **Synergies** score is: **<span style=”color:#008000”>${stand_syn}</span>**_",,,,"false","${stand_syn}<81 and ${stand_syn}>=61",,,,,,,,,,,,,,,
,"note","score_syn3","_Votre résultat en **Synergies** est: **<span style=”color:#FFD700”>${stand_syn}</span>**_","_Your **Synergies** score is: **<span style=”color:#FFD700”>${stand_syn}</span>**_","_Your **Synergies** score is: **<span style=”color:#FFD700”>${stand_syn}</span>**_",,,,"false","${stand_syn}<61 and ${stand_syn}>=41",,,,,,,,,,,,,,,
,"note","score_syn4","_Votre résultat en **Synergies** est: **<span style=”color:#CD5C5C”>${stand_syn}</span>**_","_Your **Synergies** score is: **<span style=”color:#CD5C5C”>${stand_syn}</span>**_","_Your **Synergies** score is: **<span style=”color:#CD5C5C”>${stand_syn}</span>**_",,,,"false","${stand_syn}<41 and ${stand_syn}>=21",,,,,,,,,,,,,,,
,"note","score_syn5","_Votre résultat en **Synergies** est: **<span style=”color:#8B0000”>${stand_syn}</span>**_","_Your **Synergies** score is: **<span style=”color:#8B0000”>${stand_syn}</span>**_","_Your **Synergies** score is: **<span style=”color:#8B0000”>${stand_syn}</span>**_",,,,"false","${stand_syn}<21",,,,,,,,,,,,,,,
,"note","eff","This note can be read out loud",,,,,,"false",,,"efflogo.png","efflogo.png","efflogo.png",,,,,,,,,,,
,"note","efficiency","##EFFICIENCE","##EFFICIENCY","##UFANISI",,,,"false",,,,,,,,,,,,,,,,
,"select_one ext_inp","ext_inp","Utilisation d'intrants externes","Use of external inputs","Matumizi ya pembejeo","Prenez en compte tous les intrants nécessaires à la production, y compris l'énergie, le carburant, les engrais, les semences, les jeunes animaux, l'insémination artificielle, la main-d'œuvre, les substances phytosanitaires, etc.

Si des intrants sont échangés avec d'autres agriculteurs, ils ne sont pas considérés comme externes.

Les ressources fournies gratuitement par les terres communales ne sont pas considérées comme externes.","Take into account all inputs needed for production, including energy, fuel, fertilizers, seeds, young animals, artificial insemination, workforce, phytosanitary substances, etc.

If inputs are exchanged with other farmers, they are not considered external.

Resources provided for free from communal lands are not considered external.","Jumuisha pembejeo zote zinazohitajika kwa ajili ya uzalishaji, ukijumuisha nishati, mafuta, mbolea, mbegu, wanyama wadogo, upandikizwaji, vibarua, vitu vya usafi n.k.                                                                                                                                                Kama wakulima  wanabadilishana pembejeo, hizo hazichukuliwa kama rasilimali za nje.                                    Rasilimali zinazopatikana bure katika ardhi ya pamoja, hizo hazichuliwi ni rasilimali za nje.","true",,"quick search('scales', 'matches', 'language', ${language}, 'xlsform_name',  'ext_inp')",,,,,,,,,,,,,,
,"select_one soil_fert","soil_fert","Gestion de la fertilité du sol","Management of soil fertility","Usimamizi wa rutuba ya udongo",,,,"true",,"quick search('scales', 'matches', 'language', ${language}, 'xlsform_name',  'soil_fert')",,,,,,,,,,,,,,
,"select_one pest_dis","pest_dis","Gestion des nuisibles et des maladies","Management of pests & diseases","Usimamizi wa wadudu na magonjwa","Dans le cas des médicaments pour animaux, ils ne doivent être envisagés que s'ils sont utilisés à d'autres fins que la guérison des animaux lorsqu'ils sont malades.","In the case of animals drugs, they must be considered only if they are used for other goals than healing the animals when they are sick.","Kwa upande wa dawa za mifugo, zinapaswa kuhusishwa kama zinatumika kwa lengo la matumizi mengine na si kutibu mifugo ikiwa inaumwa.","true",,"quick search('scales', 'matches', 'language', ${language}, 'xlsform_name',  'pest_dis')",,,,,,,,,,,,,,
"TO BE REMOVED","select_one productivity","productivity","Productivité et besoins du ménage","Productivity and household's needs","Uzalishaji na mahitaji ya nyumbani","Considérez tous les types d'actifs, y compris les animaux, les arbres vivaces, etc.","Consider all types of assets, including animals, perennial trees, etc.","Jumuisha kila kitu, pamoja na wanyama, miti ya muda mrefu n.k","true",,"quick search('scales', 'matches', 'language', ${language}, 'xlsform_name',  'productivity')",,,,,,,,,,,,,,
,"calculate","sum_eff",,"Sum Efficiency","Jumla ya Ufanisi",,,,"false",,,,,,,,,,,"number(${ext_inp}) + number(${soil_fert}) + number(${pest_dis}) + number(${productivity})",,,,,
,"calculate","stand_eff",,"Standardized Efficiency","Ufanishi uliosawazishwa",,,,"false",,,,,,,,,,,"round((( ${sum_eff} div 16 ) * 100), 2)",,,,,
,"note","score_eff1","_Votre résultat en **Efficience** est: **<span style=”color:#006400”>${stand_eff}</span>**_","_Your **Efficiency** score is: **<span style=”color:#006400”>${stand_eff}</span>**_","_Your **Efficiency** score is: **<span style=”color:#006400”>${stand_eff}</span>**_",,,,"false","${stand_eff}>=81",,,,,,,,,,,,,,,
,"note","score_eff2","_Votre résultat en **Efficience** est: **<span style=”color:#008000”>${stand_eff}</span>**_","_Your **Efficiency** score is: **<span style=”color:#008000”>${stand_eff}</span>**_","_Your **Efficiency** score is: **<span style=”color:#008000”>${stand_eff}</span>**_",,,,"false","${stand_eff}<81 and ${stand_eff}>=61",,,,,,,,,,,,,,,
,"note","score_eff3","_Votre résultat en **Efficience** est: **<span style=”color:#FFD700”>${stand_eff}</span>**_","_Your **Efficiency** score is: **<span style=”color:#FFD700”>${stand_eff}</span>**_","_Your **Efficiency** score is: **<span style=”color:#FFD700”>${stand_eff}</span>**_",,,,"false","${stand_eff}<61 and ${stand_eff}>=41",,,,,,,,,,,,,,,
,"note","score_eff4","_Votre résultat en **Efficience** est: **<span style=”color:#CD5C5C”>${stand_eff}</span>**_","_Your **Efficiency** score is: **<span style=”color:#CD5C5C”>${stand_eff}</span>**_","_Your **Efficiency** score is: **<span style=”color:#CD5C5C”>${stand_eff}</span>**_",,,,"false","${stand_eff}<41 and ${stand_eff}>=21",,,,,,,,,,,,,,,
,"note","score_eff5","_Votre résultat en **Efficience** est: **<span style=”color:#8B0000”>${stand_eff}</span>**_","_Your **Efficiency** score is: **<span style=”color:#8B0000”>${stand_eff}</span>**_","_Your **Efficiency** score is: **<span style=”color:#8B0000”>${stand_eff}</span>**_",,,,"false","${stand_eff}<21",,,,,,,,,,,,,,,
,"note","rec","This note can be read out loud",,,,,,"false",,,"recylogo.png","recylogo.png","recylogo.png",,,,,,,,,,,
"NEED TO REORDER BECAUSE OF NEW EFFICIENCY CALCULATION","note","recycling","##RECYCLAGE","##RECYCLING","##MATUMIZI MBADALA",,,,"false",,,,,,,,,,,,,,,,
,"select_one rec_biomass","rec_biomass","Recyclage de la biomasse et des nutriments","Recycling of biomass and nutrients","Matumizi mbadala ya masalia na virutibisho",,,,"true",,"quick search('scales', 'matches', 'language', ${language}, 'xlsform_name',  'rec_biomass')",,,,,,,,,,,,,,
,"select_one water","water","Préservation et conservation de l'eau","Water saving","Uokoaji wa maji","Tenez compte des équipements disponibles pour économiser l'eau, des techniques mises en œuvre pour la rétention e la conservation de l'eau dans le sol, ainsi que du type de cultures pratiquées (si elles nécessitent beaucoup d'eau ou une quantité normale).","Take into account the equipment available for water saving, the techniques implmented for water retention and conservation into the soil, as well as the kind of crops grown (if they need a lot of water or a normal quantity).","Jumuisha vifaa vinavyotumika kuhifadhia maji, mbinu zinazotumika katika kutuamisha maji na kuhifadhi katika udongo, na pia aina zote za mazao yanayolimwa (kama yanahitaji maji mengi au maji ya wastani).","true",,"quick search('scales', 'matches', 'language', ${language}, 'xlsform_name',  'water')",,,,,,,,,,,,,,
"SHOULD BE IN CULTURE AND FOOD TRADITIONS","select_one seeds_breeds","seeds_breeds","Gestion des Semences et des ressources génétiques animales","Management of seeds and breeds","Usimamizi wa mbegu na wanyama",,,,"true",,"quick search('scales', 'matches', 'language', ${language}, 'xlsform_name',  'seeds_breeds')",,,,,,,,,,,,,,
,"select_one ren_energy","ren_energy","Energie renouvelable (utilisation & production)","Renewable energy use and production","Nishati endelevu na uzalishaji",,,,"true",,"quick search('scales', 'matches', 'language', ${language}, 'xlsform_name',  'ren_energy')",,,,,,,,,,,,,,
"ADD WASTE MANAGEMENT","calculate","sum_rec",,"Sum recycling","Jumla ya Matumizi Mbadala",,,,"false",,,,,,,,,,,"number(${rec_biomass}) + number(${water}) + number(${seeds_breeds}) + number(${ren_energy})",,,,,
,"calculate","stand_rec",,"Standardized recycling","Matumizi mbadala yaliyosawazishwa",,,,"false",,,,,,,,,,,"round((( ${sum_rec} div 16 ) * 100), 2)",,,,,
,"note","score_rec1","_Votre résultat en **Recyclage** est: **<span style=”color:#006400”>${stand_rec}</span>**_","_Your **Recycling** score is: **<span style=”color:#006400”>${stand_rec}</span>**_","_Your **Recycling** score is: **<span style=”color:#006400”>${stand_rec}</span>**_",,,,"false","${stand_rec}>=81",,,,,,,,,,,,,,,
,"note","score_rec2","_Votre résultat en **Recyclage** est: **<span style=”color:#008000”>${stand_rec}</span>**_","_Your **Recycling** score is: **<span style=”color:#008000”>${stand_rec}</span>**_","_Your **Recycling** score is: **<span style=”color:#008000”>${stand_rec}</span>**_",,,,"false","${stand_rec}<81 and ${stand_rec}>=61",,,,,,,,,,,,,,,
,"note","score_rec3","_Votre résultat en **Recyclage** est: **<span style=”color:#FFD700”>${stand_rec}</span>**_","_Your **Recycling** score is: **<span style=”color:#FFD700”>${stand_rec}</span>**_","_Your **Recycling** score is: **<span style=”color:#FFD700”>${stand_rec}</span>**_",,,,"false","${stand_rec}<61 and ${stand_rec}>=41",,,,,,,,,,,,,,,
,"note","score_rec4","_Votre résultat en **Recyclage** est: **<span style=”color:#CD5C5C”>${stand_rec}</span>**_","_Your **Recycling** score is: **<span style=”color:#CD5C5C”>${stand_rec}</span>**_","_Your **Recycling** score is: **<span style=”color:#CD5C5C”>${stand_rec}</span>**_",,,,"false","${stand_rec}<41 and ${stand_rec}>=21",,,,,,,,,,,,,,,
,"note","score_rec5","_Votre résultat en **Recyclage** est: **<span style=”color:#8B0000”>${stand_rec}</span>**_","_Your **Recycling** score is: **<span style=”color:#8B0000”>${stand_rec}</span>**_","_Your **Recycling** score is: **<span style=”color:#8B0000”>${stand_rec}</span>**_",,,,"false","${stand_rec}<21",,,,,,,,,,,,,,,
,"note","res",,,,,,,"false",,,"reslogo.png","reslogo.png","reslogo.png",,,,,,,,,,,
"MOVE TO END OF STEP 1","note","resilience","##RÉSILIENCE","##RESILIENCE","##USTAHIMILIVU",,,,"false",,,,,,,,,,,,,,,,
"TO BE REMOVED","select_one stab","stab","Stabilité de la production et capacité à résister aux perturbations","Stability of income/production and capacity to recover from perturbations","Uhakika wa kipata/mavuno na uwezo wa kuhimili mabadiliko",,,,"true",,"quick search('scales', 'matches', 'language', ${language}, 'xlsform_name',  'stab')",,,,,,,,,,,,,,
,"select_one vuln","vuln","Existance de mécanismes sociaux pour réduire la vulnérabilité","Existence of social mechanisms to reduce vulnerability","Uwepo wa mifumo ya kijamii yakupunguza athari za mabadiliko",,,,"true",,"quick search('scales', 'matches', 'language', ${language}, 'xlsform_name',  'vuln')",,,,,,,,,,,,,,
,"select_one indebt","indebt","Résilience environnementale et capacité d'adaptation au changement climatique","Environmental resilience and capacity to adapt to climate change","Mazingira stahimilivu na uwezo wa kuendana na mabadiliko ya tabianchi",,,,"true",,"quick search('scales', 'matches', 'language', ${language}, 'xlsform_name',  'indebt')",,,,,,,,,,,,,,
,"calculate","averdiv",,"Average element Diversity","Wastani wa vipengele vya mtawanyiko",,,,"false",,,,,,,,,,,"round((${sum_diversity} div 4), 2)",,,,,
,"note","averagediv","**Résultat moyen de l'élément Diversity: ${averdiv}**","**Average score of the element of Diversity: ${averdiv}**","**Alama za wastani za vipengele vya mtawanyiko:${averdiv}**","Cet indice est le score moyen de l'élément _**Diversité**_ déjà évalué.","This index is the average score for the element _**Diversity**_ already assessed.","Kiashiria hiki kinaonyesha alama za wastani kwa sifa ya _**Mtawanyiko**_ iliyokwisha chambuliwa.","false",,,,,,,,,,,,,,,,
,"calculate","sum_res",,"Sum resilience","Jumla ya Ustahimilivu",,,,"false",,,,,,,,,,,"number(${stab}) + number(${vuln}) + number(${indebt}) + ${averdiv}",,,,,
,"calculate","stand_res",,"Standardized resilience","Jumla ya Ustahimilivu uliosawazishwa",,,,"false",,,,,,,,,,,"round((( ${sum_res} div 16 ) * 100), 2)",,,,,
,"note","score_res1","_Votre résultat en **Résilience** est: **<span style=”color:#006400”>${stand_res}</span>**_","_Your **Resilience** score is: **<span style=”color:#006400”>${stand_res}</span>**_","_Your **Resilience** score is: **<span style=”color:#006400”>${stand_res}</span>**_",,,,"false","${stand_res}>=81",,,,,,,,,,,,,,,
,"note","score_res2","_Votre résultat en **Résilience** est: **<span style=”color:#008000”>${stand_res}</span>**_","_Your **Resilience** score is: **<span style=”color:#008000”>${stand_res}</span>**_","_Your **Resilience** score is: **<span style=”color:#008000”>${stand_res}</span>**_",,,,"false","${stand_res}<81 and ${stand_res}>=61",,,,,,,,,,,,,,,
,"note","score_res3","_Votre résultat en **Résilience** est: **<span style=”color:#FFD700”>${stand_res}</span>**_","_Your **Resilience** score is: **<span style=”color:#FFD700”>${stand_res}</span>**_","_Your **Resilience** score is: **<span style=”color:#FFD700”>${stand_res}</span>**_",,,,"false","${stand_res}<61 and ${stand_res}>=41",,,,,,,,,,,,,,,
,"note","score_res4","_Votre résultat en **Résilience** est: **<span style=”color:#CD5C5C”>${stand_res}</span>**_","_Your **Resilience** score is: **<span style=”color:#CD5C5C”>${stand_res}</span>**_","_Your **Resilience** score is: **<span style=”color:#CD5C5C”>${stand_res}</span>**_",,,,"false","${stand_res}<41 and ${stand_res}>=21",,,,,,,,,,,,,,,
,"note","score_res5","_Votre résultat en **Résilience** est: **<span style=”color:#8B0000”>${stand_res}</span>**_","_Your **Resilience** score is: **<span style=”color:#8B0000”>${stand_res}</span>**_","_Your **Resilience** score is: **<span style=”color:#8B0000”>${stand_res}</span>**_",,,,"false","${stand_res}<21",,,,,,,,,,,,,,,
,"note","cult_food","This note can be read out loud",,,,,,"false",,,"cultlogo.png","cultlogo.png","cultlogo.png",,,,,,,,,,,
,"note","cultfood","##CULTURE ET TRADITIONS ALIMENTAIRES","##CULTURE & FOOD TRADITIONS","##UTAMADUNI NA CHAKULA CHA ASILI",,,,"false",,,,,,,,,,,,,,,,
,"select_one diet","diet","Régime alimentaire approprié et conscience nutritionnelle","Appropriate diet and nutrition awareness","Ufahamu wa lishe bora na virutubisho vya mwili",,,,"true",,"quick search('scales', 'matches', 'language', ${language}, 'xlsform_name',  'diet')",,,,,,,,,,,,,,
"MERGE INTO LOCAL FOOD HERITAGE","select_one local_id","local_id","Identité et conscience locales ou traditionnelles (paysannes / indigènes)","Local or traditional (peasant / indigenous) identity and awareness","Ufahamu wa utamaduni au  utambulisho wa watu wa eneo",,,,"true",,"quick search('scales', 'matches', 'language', ${language}, 'xlsform_name',  'local_id')",,,,,,,,,,,,,,
"MERGE INTO LOCAL FOOD HERITAGE","select_one local_var","local_var","Utilisation de variétés/races locales et connaissances traditionnelles (paysannes et indigènes) pour la préparation des aliments","Use of local varieties/breeds and  traditional (peasant & indigenous) knowledge for food preparation","Uandaaji wa chakula kwa kutumia mimea/wanyama na njia za asili za eneo husika kuandaa chakula",,,,"true",,"quick search('scales', 'matches', 'language', ${language}, 'xlsform_name',  'local_var')",,,,,,,,,,,,,,
"ADD FOOD SELF_SUFFICIENCY","calculate","sum_cultfood",,"Sum culture & food tradition","Jumla ya Utamaduni na Chakula cha Asili",,,,"false",,,,,,,,,,,"number(${diet}) + number(${local_id}) + number(${local_var})",,,,,
,"calculate","stand_cultfood",,"Standardized culture & food tradition","Utamaduni na Chakula Asili uliosawazishwa",,,,"false",,,,,,,,,,,"round((( ${sum_cultfood} div 12 ) * 100), 2)",,,,,
,"note","score_cultfood1","_Votre résultat en **Culture & traditions alimentaires** est: **<span style=”color:#006400”>${stand_cultfood}</span>**_","_Your **Culture & Food Tradition** score is: **<span style=”color:#006400”>${stand_cultfood}</span>**_","_Your **Culture & Food Tradition** score is: **<span style=”color:#006400”>${stand_cultfood}</span>**_",,,,"false","${stand_cultfood}>=81",,,,,,,,,,,,,,,
,"note","score_cultfood2","_Votre résultat en **Culture & traditions alimentaires** est: **<span style=”color:#008000”>${stand_cultfood}</span>**_","_Your **Culture & Food Tradition** score is: **<span style=”color:#008000”>${stand_cultfood}</span>**_","_Your **Culture & Food Tradition** score is: **<span style=”color:#008000”>${stand_cultfood}</span>**_",,,,"false","${stand_cultfood}<81 and ${stand_cultfood}>=61",,,,,,,,,,,,,,,
,"note","score_cultfood3","_Votre résultat en **Culture & traditions alimentaires** est: **<span style=”color:#FFD700”>${stand_cultfood}</span>**_","_Your **Culture & Food Tradition** score is: **<span style=”color:#FFD700”>${stand_cultfood}</span>**_","_Your **Culture & Food Tradition** score is: **<span style=”color:#FFD700”>${stand_cultfood}</span>**_",,,,"false","${stand_cultfood}<61 and ${stand_cultfood}>=41",,,,,,,,,,,,,,,
,"note","score_cultfood4","_Votre résultat en **Culture & traditions alimentaires** est: **<span style=”color:#CD5C5C”>${stand_cultfood}</span>**_","_Your **Culture & Food Tradition** score is: **<span style=”color:#CD5C5C”>${stand_cultfood}</span>**_","_Your **Culture & Food Tradition** score is: **<span style=”color:#CD5C5C”>${stand_cultfood}</span>**_",,,,"false","${stand_cultfood}<41 and ${stand_cultfood}>=21",,,,,,,,,,,,,,,
,"note","score_cultfood5","_Votre résultat en **Culture & traditions alimentaires** est: **<span style=”color:#8B0000”>${stand_cultfood}</span>**_","_Your **Culture & Food Tradition** score is: **<span style=”color:#8B0000”>${stand_cultfood}</span>**_","_Your **Culture & Food Tradition** score is: **<span style=”color:#8B0000”>${stand_cultfood}</span>**_",,,,"false","${stand_cultfood}<21",,,,,,,,,,,,,,,
,"note","cocr","This note can be read out loud",,,,,,"false",,,"cocrlogo.png","cocrlogo.png","cocrlogo.png",,,,,,,,,,,
,"note","cocrea","##CO-CRÉATION ET PARTAGE DE CONNAISSANCES","##CO-CREATION & SHARING OF KNOWLEDGE","##UBUNIFU WA PAMOJA NA UBALISHANAJI WA MAARIFA",,,,"false",,,,,,,,,,,,,,,,
,"select_one platforms","platforms","Mécanismes sociaux pour la création et le transfert horizontaux de connaissances et de bonnes pratiques","Social mechanisms for the horizontal creation and transfer of knowledge and good practices","Mifumo ya kijamii ya kujenga  ubunifu, kupeleka maarifa na mbinu bora","Des organisations formelles ou informelles, des champ écoles pratiques agriculteurs, des réunions régulières, des formations, etc.","Formal or informal organizations, farmer field schools, regular meetings, trainings, etc.","Taasisi iliyosajiliwa au haijasajiliwa, shamba darasa, mikutano ya kawaida, mafunzo n.k","true",,"quick search('scales', 'matches', 'language', ${language}, 'xlsform_name',  'platforms')",,,,,,,,,,,,,,
,"select_one ae_know","ae_know","Accès aux connaissances agroécologiques et intérêt des producteurs pour l'agroécologie","Access to agroecological knowledge and interest of producers in agroecology","Upatikanaji wa maarifa na shauku ya wazalishaji juu ya kilimo ikolojia","Les connaissances et pratiques agroécologiques peuvent également être appelées d'une autre manière, et les producteurs peuvent les connaître et les appliquer sans connaître le mot «agroécologie». Concentrez-vous sur les pratiques et les connaissances réelles pour l'évaluation, et non sur les connaissances formelles de «l'agroécologie» en tant que science.","Agroecological knowledge and practices may also be called in some other ways, and producers may know and apply them without knowing the word ""agroecology"". Focus on the actual practices and knowledge for the evaluation, and not on the formal knowledge of ""agroecology"" as a science.","Mbinu na ufahamu wa kilimo ikolojia vinaweza pia vikawa na majina mengine, na wazalishaji wanaweza kuwa wanafahamu na kutekeleza bila kufahamu neno ""kilimo ikolojia"".Jikite katika mbinu na ufahamu wakati wa kufanya tathimini na si katika ufahamu wa kitaalamu wa sayansi ya ""kilimo ikolojia"".","true",,"quick search('scales', 'matches', 'language', ${language}, 'xlsform_name',  'ae_know')",,,,,,,,,,,,,,
,"select_one partic_orgs","partic_orgs","Participation des producteurs aux réseaux et aux organisations de base","Participation of producers in networks and grassroot organizations","Ushiriki wa wazalishaji katika mtandao wa wakulima na vikundi",,,,"true",,"quick search('scales', 'matches', 'language', ${language}, 'xlsform_name',  'partic_orgs')",,,,,,,,,,,,,,
,"calculate","sum_cocrea",,"Sum co-creation and sharing of knowledge","Jumla ya ubunifu wa pamoja na Ubadilishanaji wa maarifa",,,,"false",,,,,,,,,,,"number(${platforms}) + number(${ae_know}) + number(${partic_orgs})",,,,,
,"calculate","stand_cocrea",,"Standardized co-creation and sharing of knowledge","Ubunifu wa Pamoja na Ubadilishaji wa Maarifa uliosawazishwa",,,,"false",,,,,,,,,,,"round((( ${sum_cocrea} div 12 ) * 100), 2)",,,,,
,"note","score_cocrea1","_Votre résultat en **Co-création & partage de connaissance** est: **<span style=”color:#006400”>${stand_cocrea}</span>**_","_Your **Co-creation & Sharing of Knowledge** score is: **<span style=”color:#006400”>${stand_cocrea}</span>**_",,,,,"false","${stand_cocrea}>=81",,,,,,,,,,,,,,,
,"note","score_cocrea2","_Votre résultat en **Culture & traditions alimentaires** est: **<span style=”color:#008000”>${stand_cocrea}</span>**_","_Your **Co-creation & Sharing of Knowledge** score is: **<span style=”color:#008000”>${stand_cocrea}</span>**_",,,,,"false","${stand_cocrea}<81 and ${stand_cocrea}>=61",,,,,,,,,,,,,,,
,"note","score_cocrea3","_Votre résultat en **Co-création & partage de connaissance** est: **<span style=”color:#FFD700”>${stand_cocrea}</span>**_","_Your **Co-creation & Sharing of Knowledge** score is: **<span style=”color:#FFD700”>${stand_cocrea}</span>**_",,,,,"false","${stand_cocrea}<61 and ${stand_cocrea}>=41",,,,,,,,,,,,,,,
,"note","score_cocrea4","_Votre résultat en **Co-création & partage de connaissance** est: **<span style=”color:#CD5C5C”>${stand_cocrea}</span>**_","_Your **Co-creation & Sharing of Knowledge** score is: **<span style=”color:#CD5C5C”>${stand_cocrea}</span>**_",,,,,"false","${stand_cocrea}<41 and ${stand_cocrea}>=21",,,,,,,,,,,,,,,
,"note","score_cocrea5","_Votre résultat en **Co-création & partage de connaissance** est: **<span style=”color:#8B0000”>${stand_cocrea}</span>**_","_Your **Co-creation & Sharing of Knowledge** score is: **<span style=”color:#8B0000”>${stand_cocrea}</span>**_",,,,,"false","${stand_cocrea}<21",,,,,,,,,,,,,,,
,"note","hum","This note can be read out loud",,,,,,"false",,,"humlogo.png","humlogo.png","humlogo.png",,,,,,,,,,,
,"note","human","##VALEURS HUMAINES ET SOCIALES","##HUMAN & SOCIAL VALUES","##SIFA ZA UBINADAMU NA KIJAMII",,,,"false",,,,,,,,,,,,,,,,
,"select_one women","women","Émancipation des femmes","Women's empowerment","Kujenga uwezo wanawake",,,,"true",,"quick search('scales', 'matches', 'language', ${language}, 'xlsform_name',  'women')",,,,,,,,,,,,,,
,"select_one labour","labour","Travail (conditions de production, inégalités sociales)","Labour (productive conditions, social inequalities)","Nguvu kazi (mazingira ya uzalishaji, ukosefu wa usawa katika jamii)",,,,"true",,"quick search('scales', 'matches', 'language', ${language}, 'xlsform_name',  'labour')",,,,,,,,,,,,,,
"REMOVED?? - Motivation in agricultural work instead","select_one youth","youth","Emancipation de la jeunesse et émigration","Youth empowerment and emigration","Kujenga uwezo wa vijana na kuhama",,,,"true",,"quick search('scales', 'matches', 'language', ${language}, 'xlsform_name',  'youth')",,,,,,,,,,,,,,
,"select_one animalwel","animalwel","Bien-être animal [si applicable]","Animal welfare [if applicable]","Haki za wanyama (kama inahusika)",,,,"false",,"quick search('scales', 'matches', 'language', ${language}, 'xlsform_name',  'animalwel')",,,,,,,,,,,,,,
,"calculate","coalanwel",,,,,,,"false",,,,,,,,,,,"coalesce(${animalwel}, 5)",,,,,
,"calculate","sum_human",,"Sum human and social values","Jumla ya sifa za binadamu na kijamii",,,,"false","${coalanwel}=5",,,,,,,,,,"number(${women}) + number(${labour}) + number(${youth})",,,,,
,"calculate","stand_human",,"Standardized human and social values","Sifa za binadamu na kijamii zilizosawazishwa",,,,"false","${coalanwel}=5",,,,,,,,,,"round((( ${sum_human} div 12 ) * 100), 2)",,,,,
,"note","score_human1","_Votre résultat en **Valeurs humaines & sociales** est: **<span style=”color:#006400”>${stand_human}</span>**_","_Your **Human & Social Values** score is: **<span style=”color:#006400”>${stand_human}</span>**_",,,,,"false","${coalanwel}=5 and ${stand_human}>=81",,,,,,,,,,,,,,,
,"note","score_human2","_Votre résultat en **Valeurs humaines & sociales** est: **<span style=”color:#008000”>${stand_human}</span>**_","_Your **Human & Social Values** score is: **<span style=”color:#008000”>${stand_human}</span>**_",,,,,"false","${coalanwel}=5 and ${stand_human}<81 and ${stand_human}>=61",,,,,,,,,,,,,,,
,"note","score_human3","_Votre résultat en **Valeurs humaines & sociales** est: **<span style=”color:#FFD700”>${stand_human}</span>**_","_Your **Human & Social Values** score is: **<span style=”color:#FFD700”>${stand_human}</span>**_",,,,,"false","${coalanwel}=5 and ${stand_human}<61 and ${stand_human}>=41",,,,,,,,,,,,,,,
,"note","score_human4","_Votre résultat en **Valeurs humaines & sociales** est: **<span style=”color:#CD5C5C”>${stand_human}</span>**_","_Your **Human & Social Values** score is: **<span style=”color:#CD5C5C”>${stand_human}</span>**_",,,,,"false","${coalanwel}=5 and ${stand_human}<41 and ${stand_human}>=21",,,,,,,,,,,,,,,
,"note","score_human5","_Votre résultat en **Valeurs humaines & sociales** est: **<span style=”color:#8B0000”>${stand_human}</span>**_","_Your **Human & Social Values** score is: **<span style=”color:#8B0000”>${stand_human}</span>**_",,,,,"false","${coalanwel}=5 and ${stand_human}<21",,,,,,,,,,,,,,,
,"calculate","sum_human1",,"Sum human and social values","Jumla ya sifa za binadamu na kijamii",,,,"false","${coalanwel}!=5",,,,,,,,,,"number(${women}) + number(${labour}) + number(${youth}) + number(${animalwel})",,,,,
,"calculate","stand_human1",,"Standardized human and social values","Sifa za binadamu na kijamii zilizosawazishwa",,,,"false","${coalanwel}!=5",,,,,,,,,,"round((( ${sum_human1} div 16 ) * 100), 2)",,,,,
,"note","score_human11","_Votre résultat en **Valeurs humaines & sociales** est: **<span style=”color:#006400”>${stand_human1}</span>**_","_Your **Human & Social Values** score is: **<span style=”color:#006400”>${stand_human1}</span>**_","_Your **Human & Social Values** score is: **<span style=”color:#006400”>${stand_human1}</span>**_",,,,"false","${coalanwel}!=5 and ${stand_human1}>=81",,,,,,,,,,,,,,,
,"note","score_human21","_Votre résultat en **Valeurs humaines & sociales** est: **<span style=”color:#008000”>${stand_human1}</span>**_","_Your **Human & Social Values** score is: **<span style=”color:#008000”>${stand_human1}</span>**_","_Your **Human & Social Values** score is: **<span style=”color:#008000”>${stand_human1}</span>**_",,,,"false","${coalanwel}!=5 and ${stand_human1}<81 and ${stand_human1}>=61",,,,,,,,,,,,,,,
,"note","score_human31","_Votre résultat en **Valeurs humaines & sociales** est: **<span style=”color:#FFD700”>${stand_human1}</span>**_","_Your **Human & Social Values** score is: **<span style=”color:#FFD700”>${stand_human1}</span>**_","_Your **Human & Social Values** score is: **<span style=”color:#FFD700”>${stand_human1}</span>**_",,,,"false","${coalanwel}!=5 and ${stand_human1}<61 and ${stand_human1}>=41",,,,,,,,,,,,,,,
,"note","score_human41","_Votre résultat en **Valeurs humaines & sociales** est: **<span style=”color:#CD5C5C”>${stand_human1}</span>**_","_Your **Human & Social Values** score is: **<span style=”color:#CD5C5C”>${stand_human1}</span>**_","_Your **Human & Social Values** score is: **<span style=”color:#CD5C5C”>${stand_human1}</span>**_",,,,"false","${coalanwel}!=5 and ${stand_human1}<41 and ${stand_human1}>=21",,,,,,,,,,,,,,,
,"note","score_human51","_Votre résultat en **Valeurs humaines & sociales** est: **<span style=”color:#8B0000”>${stand_human1}</span>**_","_Your **Human & Social Values** score is: **<span style=”color:#8B0000”>${stand_human1}</span>**_","_Your **Human & Social Values** score is: **<span style=”color:#8B0000”>${stand_human1}</span>**_",,,,"false","${coalanwel}!=5 and ${stand_human1}<21",,,,,,,,,,,,,,,
,"note","circ","This note can be read out loud",,,,,,"false",,,"circlogo.png","circlogo.png","circlogo.png",,,,,,,,,,,
,"note","circular","##ÉCONOMIE CIRCULAIRE ET SOLIDAIRE","##CIRCULAR & SOLIDARITY ECONOMY","##UCHUMI WA KAWAIDA NA PAMOJA ULIOIMARIKA",,,,"false",,,,,,,,,,,,,,,,
,"select_one mkt_local","mkt_local","Produits et services commercialisés sur le marché local (ou en commerce équitable)","Products and services marketed locally (or with fair trade)","Bidhaa na huduma zinasambazwa katika masoko ya karibu (au kwa fair trade)",,,,"true",,"quick search('scales', 'matches', 'language', ${language}, 'xlsform_name',  'mkt_local')",,,,,,,,,,,,,,
,"select_one networks","networks","Réseaux de producteurs, relations avec les consommateurs et intermédiaires","Networks of producers, relationship with consumers and presence of intermediaries","Uwepo wa mitandao ya wazalishaji, uhusiano mzuri na wanunuzi na uwepo wa wachuuzi wa kati.",,,,"true",,"quick search('scales', 'matches', 'language', ${language}, 'xlsform_name',  'networks')",,,,,,,,,,,,,,
,"select_one local_fs","local_fs","Système alimentaire local","Local food system","Mifumo ya chakula kwa eneo husika","Prendre en compte les chaînes de valeur locales de la production alimentaire et agricole, ainsi que la possibilité de transformer les produits localement.","Take into account the local value chains of food and other agricultural production, as well as the possibility of transforming the products locally.","Jumuisha mnyororo wa thamani wa chakula na bidhaa zingine za kilimo katika eneo husika na uwezekano wa kuzibadilisha bidhaa katika eneo hilo.","true",,"quick search('scales', 'matches', 'language', ${language}, 'xlsform_name',  'local_fs')",,,,,,,,,,,,,,
,"calculate","sum_circular",,"Sum circular & solidarity economy","Jumla ya uchumi wa kawaida na pamoja ulioimarika",,,,"false",,,,,,,,,,,"number(${mkt_local}) + number(${networks}) + number(${local_fs})",,,,,
,"calculate","stand_circular",,"Standardized circular & solidarity economy","Uchumi wa pamoja na kawaida na pamoja ulioimarika na uliosawazishwa.",,,,"false",,,,,,,,,,,"round((( ${sum_circular} div 12 ) * 100), 2)",,,,,
,"note","score_circular1","_Votre résultat en **Économie circulaire et solidaire** est: **<span style=”color:#006400”>${stand_circular}</span>**_","_Your **Circular & Solidarity Economy** score is: **<span style=”color:#006400”>${stand_circular}</span>**_","_Your **Circular & Solidarity Economy** score is: **<span style=”color:#006400”>${stand_circular}</span>**_",,,,"false","${stand_circular}>=81",,,,,,,,,,,,,,,
,"note","score_circular2","_Votre résultat en **Économie circulaire et solidaire** est: **<span style=”color:#008000”>${stand_circular}</span>**_","_Your **Circular & Solidarity Economy** score is: **<span style=”color:#008000”>${stand_circular}</span>**_","_Your **Circular & Solidarity Economy** score is: **<span style=”color:#008000”>${stand_circular}</span>**_",,,,"false","${stand_circular}<81 and ${stand_circular}>=61",,,,,,,,,,,,,,,
,"note","score_circular3","_Votre résultat en **Économie circulaire et solidaire** est: **<span style=”color:#FFD700”>${stand_circular}</span>**_","_Your **Circular & Solidarity Economy** score is: **<span style=”color:#FFD700”>${stand_circular}</span>**_","_Your **Circular & Solidarity Economy** score is: **<span style=”color:#FFD700”>${stand_circular}</span>**_",,,,"false","${stand_circular}<61 and ${stand_circular}>=41",,,,,,,,,,,,,,,
,"note","score_circular4","_Votre résultat en **Économie circulaire et solidaire** est: **<span style=”color:#CD5C5C”>${stand_circular}</span>**_","_Your **Circular & Solidarity Economy** score is: **<span style=”color:#CD5C5C”>${stand_circular}</span>**_","_Your **Circular & Solidarity Economy** score is: **<span style=”color:#CD5C5C”>${stand_circular}</span>**_",,,,"false","${stand_circular}<41 and ${stand_circular}>=21",,,,,,,,,,,,,,,
,"note","score_circular5","_Votre résultat en **Économie circulaire et solidaire** est: **<span style=”color:#8B0000”>${stand_circular}</span>**_","_Your **Circular & Solidarity Economy** score is: **<span style=”color:#8B0000”>${stand_circular}</span>**_","_Your **Circular & Solidarity Economy** score is: **<span style=”color:#8B0000”>${stand_circular}</span>**_",,,,"false","${stand_circular}<21",,,,,,,,,,,,,,,
,"note","resp_g","This note can be read out loud",,,,,,"false",,,"respologo.png","respologo.png","respologo.png",,,,,,,,,,,
,"note","resp_gov","##GOUVERNANCE RESPONSABLE","##RESPONSIBLE GOVERNANCE","##UTAWALA UNAOWAJIBIKA",,,,"false",,,,,,,,,,,,,,,,
,"select_one prod_empow","prod_empow","Emancipation des producteurs","Producers' empowerment","Wazalishaji wanajengewa uwezo",,,,"true",,"quick search('scales', 'matches', 'language', ${language}, 'xlsform_name',  'prod_empow')",,,,,,,,,,,,,,
,"select_one prod_orgs","prod_orgs","Organisations et associations de producteurs","Producers' organizations and associations","Vyama vya wazalishaji na taasisi",,,,"true",,"quick search('scales', 'matches', 'language', ${language}, 'xlsform_name',  'prod_orgs')",,,,,,,,,,,,,,
,"select_one partic_prod","partic_prod","Participation des producers dans la gouvernance de la terre et des ressources naturelles","Participation of producers in governance of land and natural resources","Ushiriki wa wazalishaji katika kusimamia ardhi na rasilimali za asili",,,,"true",,"quick search('scales', 'matches', 'language', ${language}, 'xlsform_name',  'partic_prod')",,,,,,,,,,,,,,
,"calculate","sum_respgov",,"Sum responsible governance","Jumla ya utawala unaowajibika",,,,"false",,,,,,,,,,,"number(${prod_empow}) + number(${prod_orgs}) + number(${partic_prod})",,,,,
,"calculate","stand_respgov",,"Standardized responsible governance","Utawala naowajibika uliosawazishwa",,,,"false",,,,,,,,,,,"round((( ${sum_respgov} div 12 ) * 100), 2)",,,,,
,"note","score_respgov1","_Votre résultat en **Gouvernance responsable** est: **<span style=”color:#006400”>${stand_respgov}</span>**_","_Your **Responsible Governance** score is: **<span style=”color:#006400”>${stand_respgov}</span>**_","_Your **Responsible Governance** score is: **<span style=”color:#006400”>${stand_respgov}</span>**_",,,,"false","${stand_respgov}>=81",,,,,,,,,,,,,,,
,"note","score_respgov2","_Votre résultat en **Gouvernance responsable** est: **<span style=”color:#008000”>${stand_respgov}</span>**_","_Your **Responsible Governance** score is: **<span style=”color:#008000”>${stand_respgov}</span>**_","_Your **Responsible Governance** score is: **<span style=”color:#008000”>${stand_respgov}</span>**_",,,,"false","${stand_respgov}<81 and ${stand_respgov}>=61",,,,,,,,,,,,,,,
,"note","score_respgov3","_Votre résultat en **Gouvernance responsable** est: **<span style=”color:#FFD700”>${stand_respgov}</span>**_","_Your **Responsible Governance** score is: **<span style=”color:#FFD700”>${stand_respgov}</span>**_","_Your **Responsible Governance** score is: **<span style=”color:#FFD700”>${stand_respgov}</span>**_",,,,"false","${stand_respgov}<61 and ${stand_respgov}>=41",,,,,,,,,,,,,,,
,"note","score_respgov4","_Votre résultat en **Gouvernance responsable** est: **<span style=”color:#CD5C5C”>${stand_respgov}</span>**_","_Your **Responsible Governance** score is: **<span style=”color:#CD5C5C”>${stand_respgov}</span>**_","_Your **Responsible Governance** score is: **<span style=”color:#CD5C5C”>${stand_respgov}</span>**_",,,,"false","${stand_respgov}<41 and ${stand_respgov}>=21",,,,,,,,,,,,,,,
,"note","score_respgov5","_Votre résultat en **Gouvernance responsable** est: **<span style=”color:#8B0000”>${stand_respgov}</span>**_","_Your **Responsible Governance** score is: **<span style=”color:#8B0000”>${stand_respgov}</span>**_","_Your **Responsible Governance** score is: **<span style=”color:#8B0000”>${stand_respgov}</span>**_",,,,"false","${stand_respgov}<21",,,,,,,,,,,,,,,
,"calculate","totscore_caet",,"CAET total score","CAET total score",,,,"false","${coalanwel}=5",,,,,,,,,,"round ((( ${stand_diversity} + ${stand_syn} + ${stand_eff} + ${stand_rec} + ${stand_res} + ${stand_cultfood} + ${stand_cocrea} + ${stand_human} + ${stand_circular} + ${stand_respgov} ) div 10) , 2)",,,,,
,"note","score_caet1","_Votre résultat total du **CAET** est: **<span style=”color:#006400”>${totscore_caet}</span>**_","_Your average **CAET** score is: **<span style=”color:#006400”>${totscore_caet}</span>**_","_Your average **CAET** score is: **<span style=”color:#006400”>${totscore_caet}</span>**_",,,,"false","${coalanwel}=5 and ${totscore_caet}>=81",,,,,,,,,,,,,,,
,"note","score_caet2","_Votre résultat total du **CAET** est: **<span style=”color:#008000”>${totscore_caet}</span>**_","_Your average **CAET** score is: **<span style=”color:#008000”>${totscore_caet}</span>**_","_Your average **CAET** score is: **<span style=”color:#008000”>${totscore_caet}</span>**_",,,,"false","${coalanwel}=5 and ${totscore_caet}<81 and ${totscore_caet}>=61",,,,,,,,,,,,,,,
,"note","score_caet3","_Votre résultat total du **CAET** est: **<span style=”color:#FFD700”>${totscore_caet}</span>**_","_Your average **CAET** score is: **<span style=”color:#FFD700”>${totscore_caet}</span>**_","_Your average **CAET** score is: **<span style=”color:#FFD700”>${totscore_caet}</span>**_",,,,"false","${coalanwel}=5 and ${totscore_caet}<61 and ${totscore_caet}>=41",,,,,,,,,,,,,,,
,"note","score_caet4","_Votre résultat total du **CAET** est: **<span style=”color:#CD5C5C”>${totscore_caet}</span>**_","_Your average **CAET** score is: **<span style=”color:#CD5C5C”>${totscore_caet}</span>**_","_Your average **CAET** score is: **<span style=”color:#CD5C5C”>${totscore_caet}</span>**_",,,,"false","${coalanwel}=5 and ${totscore_caet}<41 and ${totscore_caet}>=21",,,,,,,,,,,,,,,
,"note","score_caet5","_Votre résultat total du **CAET** est: **<span style=”color:#8B0000”>${totscore_caet}</span>**_","_Your average **CAET** score is: **<span style=”color:#8B0000”>${totscore_caet}</span>**_","_Your average **CAET** score is: **<span style=”color:#8B0000”>${totscore_caet}</span>**_",,,,"false","${coalanwel}=5 and ${totscore_caet}<21",,,,,,,,,,,,,,,
,"calculate","totscore_caet1",,"CAET total score","CAET total score",,,,"false","${coalanwel}!=5",,,,,,,,,,"round ((( ${stand_diversity} + ${stand_syn} + ${stand_eff} + ${stand_rec} + ${stand_res} + ${stand_cultfood} + ${stand_cocrea} + ${stand_human1} + ${stand_circular} + ${stand_respgov} ) div 10) , 2)",,,,,
,"note","score_caet11","_Votre résultat total du **CAET** est: **<span style=”color:#006400”>${totscore_caet1}</span>**_","_Your average **CAET** score is: **<span style=”color:#006400”>${totscore_caet1}</span>**_","_Your average **CAET** score is: **<span style=”color:#006400”>${totscore_caet1}</span>**_",,,,"false","${coalanwel}!=5 and ${totscore_caet1}>=81",,,,,,,,,,,,,,,
,"note","score_caet21","_Votre résultat total du **CAET** est: **<span style=”color:#008000”>${totscore_caet1}</span>**_","_Your average **CAET** score is: **<span style=”color:#008000”>${totscore_caet1}</span>**_","_Your average **CAET** score is: **<span style=”color:#008000”>${totscore_caet1}</span>**_",,,,"false","${coalanwel}!=5 and ${totscore_caet1}<81 and ${totscore_caet1}>=61",,,,,,,,,,,,,,,
,"note","score_caet31","_Votre résultat total du **CAET** est: **<span style=”color:#FFD700”>${totscore_caet1}</span>**_","_Your average **CAET** score is: **<span style=”color:#FFD700”>${totscore_caet1}</span>**_","_Your average **CAET** score is: **<span style=”color:#FFD700”>${totscore_caet1}</span>**_",,,,"false","${coalanwel}!=5 and ${totscore_caet1}<61 and ${totscore_caet1}>=41",,,,,,,,,,,,,,,
,"note","score_caet41","_Votre résultat total du **CAET** est: **<span style=”color:#CD5C5C”>${totscore_caet1}</span>**_","_Your average **CAET** score is: **<span style=”color:#CD5C5C”>${totscore_caet1}</span>**_","_Your average **CAET** score is: **<span style=”color:#CD5C5C”>${totscore_caet1}</span>**_",,,,"false","${coalanwel}!=5 and ${totscore_caet1}<41 and ${totscore_caet1}>=21",,,,,,,,,,,,,,,
,"note","score_caet51","_Votre résultat total du **CAET** est: **<span style=”color:#8B0000”>${totscore_caet1}</span>**_","_Your average **CAET** score is: **<span style=”color:#8B0000”>${totscore_caet1}</span>**_","_Your average **CAET** score is: **<span style=”color:#8B0000”>${totscore_caet1}</span>**_",,,,"false","${coalanwel}!=5 and ${totscore_caet1}<21",,,,,,,,,,,,,,,
,"note","compl_s1","_**Merci d'avoir terminé la première étape du TAPE. Nous vous encourageons à évaluer les deux étapes.**_","_**Thank you for completing the first step of the survey. We encourage you to assess both steps.**_","_**Asante kwa kumaliza hatua ya kwanza ya dodoso. Tunakushauri kufanya tathimini ya hatua zote mbili.**_",,,,"false",,,,,,,,,,,,,,,,
,"end_group","step1",,,,,,,,,,,,,,,,,,,,,,,